codigo_linha,linha,codigo_coluna,coluna,chi2,p,v_cramer,n,p_ajustado,significativo
adc1[SQ001],palestra público geral,CE02,Sexo,12.570034075525825,0.05039529464966688,0.0666518916149147,1479,0.13631514126549238,False
adc1[SQ001],palestra público geral,CE03,Escolaridade_Mae,41.941043584137965,0.2288560213288519,0.025675099136824066,1502,0.35963089065962445,False
adc1[SQ001],palestra público geral,CE04,Cor_Raca,30.3235349212347,0.1742588553723042,0.03295337515507264,1456,0.29950740767114786,False
adc1[SQ001],palestra público geral,CE05,Religiao,55.84512271703915,0.6282225922229256,0.0,1459,0.7248722217956834,False
adc1[SQ001],palestra público geral,CE06,Importancia_Religiao,26.189966660640927,0.09549304032765402,0.05031896468360343,1079,0.2091630466760956,False
adc1[SQ001],palestra público geral,CE10,Ciencia_BasicaXAplicada,55.22759371104487,1.17929649449818e-05,0.09100101404257092,1501,0.0001297226143947998,True
adc1[SQ001],palestra público geral,CE07,Orientacao_Politica,33.41971241728342,0.3046202830930173,0.021810256300689806,1434,0.45281393432745815,False
adc1[SQ001],palestra público geral,CE08,Nivel_Bolsa_CNPq,67.9061630501863,9.206043505296583e-05,0.07116885797770045,1501,0.0008935277519846684,True
adc1[SQ001],palestra público geral,CE11,GdeArea_CNPq,149.22919205448284,6.28622596639689e-14,0.10950436802932245,1496,2.5930682111387173e-12,True
adc1[SQ001],palestra público geral,CE13,Regiao_Geografica,18.015975597988515,0.8022327186695675,0.0,1498,0.875943791494318,False
adc1[SQ001],palestra público geral,CE14,Tempo_Vinculo,46.93419127759892,0.003412331351050161,0.06213585690904152,1488,0.018162408803976664,True
adc1[SQ002],curso público externo,CE02,Sexo,11.950273175810947,0.06308738727520906,0.06349273607087312,1476,0.15771846818802263,False
adc1[SQ002],curso público externo,CE03,Escolaridade_Mae,44.14724389147492,0.16520281858643426,0.03013347157257083,1497,0.28693121122907,False
adc1[SQ002],curso público externo,CE04,Cor_Raca,26.010417149903212,0.35263656341194216,0.018560260784828607,1451,0.49309349968619026,False
adc1[SQ002],curso público externo,CE05,Religiao,83.21077036776587,0.02537580563142758,0.05164149705603632,1454,0.07612741689428275,False
adc1[SQ002],curso público externo,CE06,Importancia_Religiao,37.16794776758842,0.004982745182135196,0.07709673895157504,1077,0.023490084430065925,True
adc1[SQ002],curso público externo,CE10,Ciencia_BasicaXAplicada,38.09055331693399,0.0037678846327300914,0.06695384702294115,1496,0.018992257874578766,True
adc1[SQ002],curso público externo,CE07,Orientacao_Politica,59.78531798409353,0.0009773973926971813,0.06465594201649381,1429,0.006224262159843331,True
adc1[SQ002],curso público externo,CE08,Nivel_Bolsa_CNPq,42.12241063670045,0.06986436031026676,0.040291311610425054,1496,0.16952381545873552,False
adc1[SQ002],curso público externo,CE11,GdeArea_CNPq,134.27687505614023,1.397538068198299e-11,0.10171750517317037,1492,4.611875625054387e-10,True
adc1[SQ002],curso público externo,CE13,Regiao_Geografica,31.002375561123092,0.15371419722869245,0.03424887763714898,1493,0.27568307111667667,False
adc1[SQ002],curso público externo,CE14,Tempo_Vinculo,34.14546947048852,0.08211672801876214,0.041364612517216286,1484,0.19083464962106697,False
adc1[SQ003],aula oficina escola básica,CE02,Sexo,15.93239753923881,0.014121453523796871,0.0821824769921711,1471,0.054186972823871714,False
adc1[SQ003],aula oficina escola básica,CE03,Escolaridade_Mae,41.32108019408159,0.24940427302616422,0.024357749329289087,1494,0.38459537429268315,False
adc1[SQ003],aula oficina escola básica,CE04,Cor_Raca,19.61597441683805,0.718391975167622,0.0,1449,0.8118813417990248,False
adc1[SQ003],aula oficina escola básica,CE05,Religiao,40.10592071718982,0.9775110290291473,0.0,1453,0.9834714621329836,False
adc1[SQ003],aula oficina escola básica,CE06,Importancia_Religiao,19.925429058748527,0.33703360082606276,0.02435046125454769,1076,0.48781179066930136,False
adc1[SQ003],aula oficina escola básica,CE10,Ciencia_BasicaXAplicada,23.716552348175863,0.16453503409996012,0.03571161466151667,1494,0.28693121122907,False
adc1[SQ003],aula oficina escola básica,CE07,Orientacao_Politica,42.48998293312054,0.06493810252555277,0.04187748491351254,1427,0.15992219278680905,False
adc1[SQ003],aula oficina escola básica,CE08,Nivel_Bolsa_CNPq,15.560252128570538,0.9861676016854712,0.0,1493,0.9861676016854712,False
adc1[SQ003],aula oficina escola básica,CE11,GdeArea_CNPq,86.94754769835475,5.64992137198216e-05,0.07105112936127697,1489,0.0005826481414856603,True
adc1[SQ003],aula oficina escola básica,CE13,Regiao_Geografica,50.9198866040537,0.0010798128187462662,0.06725453236637391,1491,0.006598856114560516,True
adc1[SQ003],aula oficina escola básica,CE14,Tempo_Vinculo,39.784264847235356,0.02255560775593079,0.051661751893754715,1481,0.07108578330646656,False
adc1[SQ004],comissão técnica ou conselho prof.,CE02,Sexo,10.752255321465265,0.09634176695383798,0.05681423841962599,1472,0.2091630466760956,False
adc1[SQ004],comissão técnica ou conselho prof.,CE03,Escolaridade_Mae,33.93572598453901,0.5671171801398663,0.0,1494,0.673196652684014,False
adc1[SQ004],comissão técnica ou conselho prof.,CE04,Cor_Raca,22.360051205558854,0.5577861187554871,0.0,1449,0.673196652684014,False
adc1[SQ004],comissão técnica ou conselho prof.,CE05,Religiao,82.64131110884463,0.027964064989551278,0.05103812222129788,1452,0.08094860918028002,False
adc1[SQ004],comissão técnica ou conselho prof.,CE06,Importancia_Religiao,41.35654802050381,0.0013590309492519995,0.08515078914906964,1076,0.008008575236663568,True
adc1[SQ004],comissão técnica ou conselho prof.,CE10,Ciencia_BasicaXAplicada,62.24567389613463,8.827765614792141e-07,0.09947700963737538,1493,1.2138177720339194e-05,True
adc1[SQ004],comissão técnica ou conselho prof.,CE07,Orientacao_Politica,29.454422894155154,0.4938306297625258,0.0,1425,0.6267850300832059,False
adc1[SQ004],comissão técnica ou conselho prof.,CE08,Nivel_Bolsa_CNPq,38.04908857543501,0.14849323775334758,0.032850671052905976,1493,0.26924598054178406,False
adc1[SQ004],comissão técnica ou conselho prof.,CE11,GdeArea_CNPq,82.69137619477641,0.0001808233024160577,0.06760127717742058,1489,0.0016575469388138623,True
adc1[SQ004],comissão técnica ou conselho prof.,CE13,Regiao_Geografica,56.282680704035144,0.0002097100084399036,0.07370270849353248,1489,0.0017301075696292047,True
adc1[SQ004],comissão técnica ou conselho prof.,CE14,Tempo_Vinculo,28.939218802516706,0.22242675855727104,0.028866570201647245,1481,0.35631471031019146,False
adc1[SQ005],Pint of Science,CE02,Sexo,6.016468151623825,0.4213478378721052,0.0029342422551986674,1424,0.5561791459911789,False
adc1[SQ005],Pint of Science,CE03,Escolaridade_Mae,45.461947696348744,0.13410727445378184,0.033049243234887934,1446,0.25590291300440987,False
adc1[SQ005],Pint of Science,CE04,Cor_Raca,14.922974408447688,0.9229922462602459,0.0,1403,0.9518357539558786,False
adc1[SQ005],Pint of Science,CE05,Religiao,78.12428623261175,0.05800354373104216,0.04639585978198977,1406,0.1472397648557224,False
adc1[SQ005],Pint of Science,CE06,Importancia_Religiao,30.33058670998155,0.0343538010377005,0.06294284556934256,1039,0.09773064088311349,False
adc1[SQ005],Pint of Science,CE10,Ciencia_BasicaXAplicada,19.771570621167328,0.3458258641925324,0.020172166362947073,1444,0.49173357169302534,False
adc1[SQ005],Pint of Science,CE07,Orientacao_Politica,31.097091710602815,0.4106450657349246,0.012493172962903807,1383,0.5553806216906767,False
adc1[SQ005],Pint of Science,CE08,Nivel_Bolsa_CNPq,52.33382102173904,0.00700929991721427,0.05568835741943044,1444,0.030435118061588277,True
adc1[SQ005],Pint of Science,CE11,GdeArea_CNPq,34.06660449425578,0.8031706505687799,0.0,1439,0.875943791494318,False
adc1[SQ005],Pint of Science,CE13,Regiao_Geografica,30.150343584430363,0.17981869424239866,0.032666491204348315,1441,0.30587716030923484,False
adc1[SQ005],Pint of Science,CE14,Tempo_Vinculo,24.563105076007858,0.4298031101105933,0.009786565078926932,1430,0.5628374060972055,False
adc1[SQ006],Dia Ciência Semana Nacional C&T,CE02,Sexo,5.153596577145657,0.5242697077649956,0.0,1463,0.6504097878287539,False
adc1[SQ006],Dia Ciência Semana Nacional C&T,CE03,Escolaridade_Mae,45.271262398575736,0.13831451473822348,0.03228058493481404,1485,0.256425785750639,False
adc1[SQ006],Dia Ciência Semana Nacional C&T,CE04,Cor_Raca,74.65587469099569,4.2198741696447193e-07,0.09389373333273514,1440,6.962792379913787e-06,True
adc1[SQ006],Dia Ciência Semana Nacional C&T,CE05,Religiao,102.7924620729268,0.0004889619588792817,0.07039115631378243,1444,0.0033616134672950623,True
adc1[SQ006],Dia Ciência Semana Nacional C&T,CE06,Importancia_Religiao,24.88692908617882,0.12806260158023847,0.046370885228825966,1068,0.25590291300440987,False
adc1[SQ006],Dia Ciência Semana Nacional C&T,CE10,Ciencia_BasicaXAplicada,28.444007558742737,0.05561196354070949,0.04843918421935593,1485,0.14565038070185818,False
adc1[SQ006],Dia Ciência Semana Nacional C&T,CE07,Orientacao_Politica,32.41054201687897,0.34868380538232707,0.018390189754648612,1418,0.49173357169302534,False
adc1[SQ006],Dia Ciência Semana Nacional C&T,CE08,Nivel_Bolsa_CNPq,49.532172615185836,0.013863883890472026,0.05136670038103361,1484,0.054186972823871714,False
adc1[SQ006],Dia Ciência Semana Nacional C&T,CE11,GdeArea_CNPq,69.99200791192509,0.004304496102607542,0.05623061735371582,1480,0.020889466380301307,True
adc1[SQ006],Dia Ciência Semana Nacional C&T,CE13,Regiao_Geografica,43.59765980899396,0.008493978917615759,0.057570832154711135,1481,0.035936064651451285,True
adc1[SQ006],Dia Ciência Semana Nacional C&T,CE14,Tempo_Vinculo,41.06065887740162,0.016403499390445418,0.05389461168500705,1471,0.06009015557982458,False
adc1[SQ007],evento ONG movimento social,CE02,Sexo,14.819664353802734,0.02170666049599099,0.07746662703035918,1470,0.07108578330646656,False
adc1[SQ007],evento ONG movimento social,CE03,Escolaridade_Mae,64.50063414428467,0.002443788799398975,0.056514355770097266,1492,0.013440838396694363,True
adc1[SQ007],evento ONG movimento social,CE04,Cor_Raca,67.36241929020413,5.445710232134782e-06,0.08665844176536892,1447,6.9118629869403e-05,True
adc1[SQ007],evento ONG movimento social,CE05,Religiao,76.74404221483971,0.07141029983209708,0.04392218611407276,1449,0.17076376046805825,False
adc1[SQ007],evento ONG movimento social,CE06,Importancia_Religiao,20.365163031868892,0.31264081708428404,0.02704777202809846,1073,0.45651092760094575,False
adc1[SQ007],evento ONG movimento social,CE10,Ciencia_BasicaXAplicada,63.19381433885302,6.172438533840877e-07,0.10060501892908301,1491,9.258657800761315e-06,True
adc1[SQ007],evento ONG movimento social,CE07,Orientacao_Politica,36.801999040417854,0.18298409471617472,0.030882422759823964,1427,0.3080854655935594,False
adc1[SQ007],evento ONG movimento social,CE08,Nivel_Bolsa_CNPq,30.98099008970935,0.41634212906612944,0.01137195690940426,1491,0.5561791459911789,False
adc1[SQ007],evento ONG movimento social,CE11,GdeArea_CNPq,251.69882428779684,1.0705301964666554e-31,0.15360882447625673,1487,1.7663748241699814e-29,True
adc1[SQ007],evento ONG movimento social,CE13,Regiao_Geografica,29.20595197419575,0.21247609247269394,0.02955857147403792,1489,0.3471144084949951,False
adc1[SQ007],evento ONG movimento social,CE14,Tempo_Vinculo,20.12931946369879,0.6893987187549557,0.0,1478,0.7844881972039152,False
adc1[SQ008],artigo revista público geral,CE02,Sexo,12.221016517737105,0.057215965601751496,0.065143180979858,1466,0.1472397648557224,False
adc1[SQ008],artigo revista público geral,CE03,Escolaridade_Mae,44.33232938286758,0.16052502932569448,0.03056695891199439,1488,0.2848024713842967,False
adc1[SQ008],artigo revista público geral,CE04,Cor_Raca,24.74653270566453,0.41963748897739844,0.011268435369433569,1441,0.5561791459911789,False
adc1[SQ008],artigo revista público geral,CE05,Religiao,62.540518346979,0.386131241004182,0.0170244025947318,1443,0.5265426013693392,False
adc1[SQ008],artigo revista público geral,CE06,Importancia_Religiao,26.297502422017885,0.0931476317392962,0.05093314322257611,1067,0.2076940437430253,False
adc1[SQ008],artigo revista público geral,CE10,Ciencia_BasicaXAplicada,44.97195729513194,0.0004182965066885159,0.07784446112508987,1486,0.003137223800163869,True
adc1[SQ008],artigo revista público geral,CE07,Orientacao_Politica,48.742356819531985,0.016694339162776534,0.05144039988776888,1420,0.06009015557982458,False
adc1[SQ008],artigo revista público geral,CE08,Nivel_Bolsa_CNPq,39.12322141855186,0.12299207665312532,0.03504971148837779,1487,0.2505394154045146,False
adc1[SQ008],artigo revista público geral,CE11,GdeArea_CNPq,114.15394369546078,1.369038166896971e-08,0.09024568897032581,1482,3.2270185362571456e-07,True
adc1[SQ008],artigo revista público geral,CE13,Regiao_Geografica,22.776708345840206,0.533009695497378,0.0,1484,0.6514562944967953,False
adc1[SQ008],artigo revista público geral,CE14,Tempo_Vinculo,17.580831158394766,0.8228562889795109,0.0,1474,0.875943791494318,False
adc1[SQ009],entrevista jornal revista público geral,CE02,Sexo,2.3848470742379058,0.8811259649616875,0.0,1471,0.914376001375336,False
adc1[SQ009],entrevista jornal revista público geral,CE03,Escolaridade_Mae,33.95052053986268,0.5664049530698194,0.0,1493,0.673196652684014,False
adc1[SQ009],entrevista jornal revista público geral,CE04,Cor_Raca,39.42683640655313,0.024620284127397685,0.05165253857822631,1448,0.07522864594482626,False
adc1[SQ009],entrevista jornal revista público geral,CE05,Religiao,43.56183624060867,0.9454658077879815,0.0,1452,0.9629744338581293,False
adc1[SQ009],entrevista jornal revista público geral,CE06,Importancia_Religiao,16.194935766452744,0.5789448135773139,0.0,1075,0.6823278160018342,False
adc1[SQ009],entrevista jornal revista público geral,CE10,Ciencia_BasicaXAplicada,34.09192975674579,0.012270272620542358,0.05999753567571046,1492,0.04938036542413388,True
adc1[SQ009],entrevista jornal revista público geral,CE07,Orientacao_Politica,31.89278690427364,0.3725302618006382,0.0162364748340381,1425,0.5154329741765364,False
adc1[SQ009],entrevista jornal revista público geral,CE08,Nivel_Bolsa_CNPq,47.38093611356197,0.022833615243895322,0.04832201799537293,1492,0.07108578330646656,False
adc1[SQ009],entrevista jornal revista público geral,CE11,GdeArea_CNPq,116.59937844839224,6.094869366079621e-09,0.09154609373477729,1489,1.6760890756718958e-07,True
adc1[SQ009],entrevista jornal revista público geral,CE13,Regiao_Geografica,33.824432113482025,0.08783803072145367,0.04063535977498392,1489,0.1985380146443816,False
adc1[SQ009],entrevista jornal revista público geral,CE14,Tempo_Vinculo,23.225632027734946,0.5065130219909837,0.0,1479,0.6331412774887296,False
adc1[SQ010],livro ou capítulo de divulgação,CE02,Sexo,18.306453196908393,0.005510295738073529,0.09154431823838804,1469,0.025255522132837008,True
adc1[SQ010],livro ou capítulo de divulgação,CE03,Escolaridade_Mae,56.307608531477484,0.016752407010132916,0.047712549389563715,1491,0.06009015557982458,False
adc1[SQ010],livro ou capítulo de divulgação,CE04,Cor_Raca,26.20658580472276,0.34276651315538803,0.019492028993992185,1445,0.49173357169302534,False
adc1[SQ010],livro ou capítulo de divulgação,CE05,Religiao,78.73910492740349,0.05275036259470164,0.04645532047282855,1450,0.14038402948589954,False
adc1[SQ010],livro ou capítulo de divulgação,CE06,Importancia_Religiao,47.17911650218175,0.00019919695910270536,0.09544835751572944,1070,0.0017298683290498096,True
adc1[SQ010],livro ou capítulo de divulgação,CE10,Ciencia_BasicaXAplicada,64.97650947554499,3.135886259026261e-07,0.1025705593387122,1491,5.749124808214812e-06,True
adc1[SQ010],livro ou capítulo de divulgação,CE07,Orientacao_Politica,24.40111033168918,0.7535818225319546,0.0,1426,0.8458571477399491,False
adc1[SQ010],livro ou capítulo de divulgação,CE08,Nivel_Bolsa_CNPq,33.47932631107678,0.3021229508273778,0.021584338950868868,1490,0.45281393432745815,False
adc1[SQ010],livro ou capítulo de divulgação,CE11,GdeArea_CNPq,211.37498266641222,1.9266821730306627e-24,0.1380964386541438,1486,1.5895127927502967e-22,True
adc1[SQ010],livro ou capítulo de divulgação,CE13,Regiao_Geografica,31.830179860856656,0.1312600720715695,0.03629420898960684,1487,0.25590291300440987,False
adc1[SQ010],livro ou capítulo de divulgação,CE14,Tempo_Vinculo,16.93619118158544,0.8513706949961578,0.0,1479,0.8947526412380002,False
adc1[SQ011],release programa TV rádio,CE02,Sexo,4.823937035470047,0.5665849020201053,0.0,1462,0.673196652684014,False
adc1[SQ011],release programa TV rádio,CE03,Escolaridade_Mae,39.827945883291854,0.3036045076523714,0.020710434553470707,1484,0.45281393432745815,False
adc1[SQ011],release programa TV rádio,CE04,Cor_Raca,39.98120151165171,0.021486430026403526,0.05273783462064703,1439,0.07108578330646656,False
adc1[SQ011],release programa TV rádio,CE05,Religiao,51.84170855028666,0.7641874239297199,0.0,1443,0.8499682858967507,False
adc1[SQ011],release programa TV rádio,CE06,Importancia_Religiao,22.23688270776369,0.22163792140157035,0.03636011197932219,1067,0.35631471031019146,False
adc1[SQ011],release programa TV rádio,CE10,Ciencia_BasicaXAplicada,38.06406258510214,0.0037984515749157535,0.0671800273087065,1484,0.018992257874578766,True
adc1[SQ011],release programa TV rádio,CE07,Orientacao_Politica,29.553578510683504,0.4886774336222951,0.0,1418,0.6267850300832059,False
adc1[SQ011],release programa TV rádio,CE08,Nivel_Bolsa_CNPq,47.523292955709756,0.022107483512205008,0.04866706365253567,1483,0.07108578330646656,False
adc1[SQ011],release programa TV rádio,CE11,GdeArea_CNPq,113.45138167857453,1.7246443408838e-08,0.08989644902749762,1479,3.557078953072838e-07,True
adc1[SQ011],release programa TV rádio,CE13,Regiao_Geografica,21.752863502123365,0.5940146694818822,0.0,1481,0.6951235493936919,False
adc1[SQ011],release programa TV rádio,CE14,Tempo_Vinculo,23.372226761439144,0.49792303496260626,0.0,1471,0.6271549677009927,False
adc1[SQ012],audiência pública,CE02,Sexo,7.9576071024664,0.24122560452617547,0.036516511292184854,1466,0.37549268629074484,False
adc1[SQ012],audiência pública,CE03,Escolaridade_Mae,46.32030520086424,0.11638854525476756,0.034028056309372064,1488,0.24005137458795808,False
adc1[SQ012],audiência pública,CE04,Cor_Raca,32.94609595807019,0.10521595823792729,0.03938695795140105,1443,0.22546276765270132,False
adc1[SQ012],audiência pública,CE05,Religiao,82.80326367720811,0.02720532185818971,0.05130929224132774,1447,0.08015853761788039,False
adc1[SQ012],audiência pública,CE06,Importancia_Religiao,15.67651466574641,0.6151120148203841,0.0,1070,0.7147428341222773,False
adc1[SQ012],audiência pública,CE10,Ciencia_BasicaXAplicada,32.624294847045064,0.018524454156512812,0.05729018846327689,1487,0.06503265820903434,False
adc1[SQ012],audiência pública,CE07,Orientacao_Politica,29.455198052050093,0.4937902941815152,0.0,1424,0.6267850300832059,False
adc1[SQ012],audiência pública,CE08,Nivel_Bolsa_CNPq,29.51559714984976,0.4906498126446026,0.0,1487,0.6267850300832059,False
adc1[SQ012],audiência pública,CE11,GdeArea_CNPq,68.76194616386117,0.0056930835107344155,0.05492416897749006,1483,0.02538807511543726,True
adc1[SQ012],audiência pública,CE13,Regiao_Geografica,33.83510796893392,0.08764253586382302,0.040712247029400725,1485,0.1985380146443816,False
adc1[SQ012],audiência pública,CE14,Tempo_Vinculo,29.70861347340036,0.19459775707811972,0.03111403950086378,1474,0.32432959513019954,False
adc1[SQ013],visita guiada museu,CE02,Sexo,1.8907368975381411,0.9294680947666886,0.0,1465,0.952560469791948,False
adc1[SQ013],visita guiada museu,CE03,Escolaridade_Mae,44.96537760103339,0.14527503909206455,0.031720802371383354,1487,0.266337571668785,False
adc1[SQ013],visita guiada museu,CE04,Cor_Raca,17.64720962477839,0.8197793600166514,0.0,1442,0.875943791494318,False
adc1[SQ013],visita guiada museu,CE05,Religiao,51.732882040639595,0.76754711877949,0.0,1445,0.8499682858967507,False
adc1[SQ013],visita guiada museu,CE06,Importancia_Religiao,19.278583502194028,0.3748603448556629,0.019862983557682023,1069,0.5154329741765364,False
adc1[SQ013],visita guiada museu,CE10,Ciencia_BasicaXAplicada,27.20777579831846,0.07518002886380301,0.045463243628441466,1486,0.1772100680361071,False
adc1[SQ013],visita guiada museu,CE07,Orientacao_Politica,21.69580536787596,0.8648783412912705,0.0,1422,0.9031957361586053,False
adc1[SQ013],visita guiada museu,CE08,Nivel_Bolsa_CNPq,39.691680325083496,0.11097529646025112,0.03613968752694989,1486,0.234755434819762,False
adc1[SQ013],visita guiada museu,CE11,GdeArea_CNPq,62.307483211909116,0.02249557074908687,0.04785269342936184,1482,0.07108578330646656,False
adc1[SQ013],visita guiada museu,CE13,Regiao_Geografica,48.17598000587415,0.0024004738338576073,0.06388312891116586,1484,0.013440838396694363,True
adc1[SQ013],visita guiada museu,CE14,Tempo_Vinculo,17.82807755806356,0.8112678118902306,0.0,1473,0.875943791494318,False
adc1[SQ014],programa mídias digitais,CE02,Sexo,24.33646199442133,0.000452821099305221,0.11159781476778775,1473,0.0032484991906678896,True
adc1[SQ014],programa mídias digitais,CE03,Escolaridade_Mae,34.74285145057396,0.5283081145844473,0.0,1495,0.6505286485554761,False
adc1[SQ014],programa mídias digitais,CE04,Cor_Raca,51.243810152446535,0.0009807928251874339,0.06858641603361812,1451,0.006224262159843331,True
adc1[SQ014],programa mídias digitais,CE05,Religiao,67.81899084130103,0.22807455869557322,0.029940894384689887,1452,0.35963089065962445,False
adc1[SQ014],programa mídias digitais,CE06,Importancia_Religiao,24.618674904050152,0.13578535201565634,0.045371643739558556,1072,0.25590291300440987,False
adc1[SQ014],programa mídias digitais,CE10,Ciencia_BasicaXAplicada,34.38904571585021,0.011271814122658045,0.06050870777455241,1494,0.046496233255964435,True
adc1[SQ014],programa mídias digitais,CE07,Orientacao_Politica,38.7353858996061,0.1317681408651815,0.035021567268281165,1426,0.25590291300440987,False
adc1[SQ014],programa mídias digitais,CE08,Nivel_Bolsa_CNPq,34.60372747321337,0.25734446482998663,0.024812646560790262,1494,0.39316515460136847,False
adc1[SQ014],programa mídias digitais,CE11,GdeArea_CNPq,178.47014866954774,9.522505066597986e-19,0.12378897296461075,1490,5.2373777866288923e-17,True
adc1[SQ014],programa mídias digitais,CE13,Regiao_Geografica,31.77520743997576,0.13266568480722737,0.03611774174222965,1491,0.25590291300440987,False
adc1[SQ014],programa mídias digitais,CE14,Tempo_Vinculo,26.861965591402125,0.31092838596381567,0.021947167522042284,1481,0.45651092760094575,False
adc1[SQ015],midias digitais canal próprio,CE02,Sexo,10.217941752334266,0.11576899509479244,0.053778478028486676,1458,0.24005137458795808,False
adc1[SQ015],midias digitais canal próprio,CE03,Escolaridade_Mae,51.66121247262245,0.0439455654529143,0.042048563836936226,1480,0.12085030499551433,False
adc1[SQ015],midias digitais canal próprio,CE04,Cor_Raca,56.06768038526969,0.0002243554239058079,0.07477697660947567,1437,0.0017627926164027765,True
adc1[SQ015],midias digitais canal próprio,CE05,Religiao,48.71338894107696,0.8511044552951976,0.0,1439,0.8947526412380002,False
adc1[SQ015],midias digitais canal próprio,CE06,Importancia_Religiao,15.100958640442457,0.6550236058684471,0.0,1065,0.7505478817242623,False
adc1[SQ015],midias digitais canal próprio,CE10,Ciencia_BasicaXAplicada,12.57056088679733,0.8164269165022422,0.0,1480,0.875943791494318,False
adc1[SQ015],midias digitais canal próprio,CE07,Orientacao_Politica,36.00443886886329,0.20793207069014794,0.029142518241104125,1414,0.3430879166387441,False
adc1[SQ015],midias digitais canal próprio,CE08,Nivel_Bolsa_CNPq,17.98166268198782,0.9588298407998997,0.0,1479,0.9705946241225979,False
adc1[SQ015],midias digitais canal próprio,CE11,GdeArea_CNPq,52.1052213375016,0.13648155360235192,0.033823713626545515,1474,0.25590291300440987,False
adc1[SQ015],midias digitais canal próprio,CE13,Regiao_Geografica,37.850527667886944,0.035914010277040054,0.048455950274922215,1477,0.10043748636799336,False
adc1[SQ015],midias digitais canal próprio,CE14,Tempo_Vinculo,65.93956496812561,8.853318623098642e-06,0.08469784634637217,1465,0.000104342683772234,True
